{
  "train": {
    "loss": [
      0.11932670027059702,
      0.0906280482972421,
      0.08924529158715666,
      0.08877328433379264,
      0.0884432048720503,
      0.08813843403887836,
      0.08783023589202456,
      0.08750873273616712,
      0.0871737360915767,
      0.08682095439467337,
      0.08644983877661389,
      0.08605771760512294,
      0.08564577518160535,
      0.08520940354988667,
      0.0847501396236105,
      0.08426673013420707,
      0.0837568894065967,
      0.08321967524714918,
      0.08265671446822291,
      0.08207053919066437
    ],
    "accuracy": [
      0.14890625,
      0.22703125,
      0.30171875,
      0.335625,
      0.3571875,
      0.3625,
      0.37703125,
      0.38140625,
      0.39078125,
      0.39390625,
      0.40265625,
      0.409375,
      0.41328125,
      0.411875,
      0.41109375,
      0.41875,
      0.42796875,
      0.426875,
      0.42625,
      0.42984375
    ]
  },
  "validation": {
    "loss": [
      0.09247916507907751,
      0.08955714615814632,
      0.08888047822525881,
      0.08849751734137108,
      0.08816939030950653,
      0.08784953966028075,
      0.08751893875013601,
      0.08717631283091298,
      0.08681097652787878,
      0.08642929601494209,
      0.08602932982533867,
      0.08560426275726055,
      0.08515701203223087,
      0.08468441060497042,
      0.08419507924216983,
      0.0836768295725505,
      0.08312633757910244,
      0.08254711420178036,
      0.081947014444086,
      0.08131388315631388
    ],
    "accuracy": [
      0.194375,
      0.296875,
      0.33625,
      0.368125,
      0.388125,
      0.400625,
      0.415,
      0.42,
      0.423125,
      0.424375,
      0.42625,
      0.425,
      0.421875,
      0.425625,
      0.431875,
      0.435625,
      0.434375,
      0.43625,
      0.445,
      0.44875
    ]
  }
}