{
  "train": {
    "loss": [
      0.10547851348333893,
      0.09004072289195696,
      0.08953015299706811,
      0.08923126185769165,
      0.08894653236319852,
      0.08865048550258647,
      0.08834151840279461,
      0.0880144167693717,
      0.08767304186693346,
      0.08731357539416036,
      0.08693205914395742,
      0.08653070086371793,
      0.08610789153349518,
      0.08565429024910085,
      0.08517347447835513,
      0.08467041173585604,
      0.08413216577350252,
      0.08355945171331929,
      0.0829660055680952,
      0.08233891416224959,
      0.08167307048917218,
      0.08098343087066143,
      0.08026383065155203,
      0.0795209380451701,
      0.07875419419915784,
      0.07796160985962293,
      0.07715863522633977,
      0.07633828949247473,
      0.0755003771549128,
      0.07465415234723213,
      0.07380201933168408,
      0.0729425723162901,
      0.07208031179503582,
      0.07122327553815518,
      0.07035933060682843,
      0.06950196791447721,
      0.06865175007614,
      0.06779852306622706,
      0.06696592272460557,
      0.0661340324909556
    ],
    "accuracy": [
      0.08078125,
      0.1103125,
      0.1640625,
      0.24640625,
      0.27984375,
      0.32703125,
      0.33265625,
      0.3428125,
      0.3465625,
      0.37,
      0.3646875,
      0.37984375,
      0.3634375,
      0.38203125,
      0.39,
      0.39890625,
      0.4028125,
      0.428125,
      0.415,
      0.42828125,
      0.43203125,
      0.44671875,
      0.46484375,
      0.45890625,
      0.4834375,
      0.49328125,
      0.488125,
      0.5046875,
      0.52109375,
      0.53234375,
      0.5478125,
      0.55734375,
      0.5578125,
      0.58421875,
      0.58875,
      0.605,
      0.6103125,
      0.6321875,
      0.6253125,
      0.63609375
    ]
  },
  "validation": {
    "loss": [
      0.0906746612778621,
      0.08972410464704375,
      0.08939878738691971,
      0.08911830866844501,
      0.0888306674891373,
      0.08853148533904985,
      0.08820972700833218,
      0.08789145797841565,
      0.08754512976785268,
      0.08718100037239784,
      0.0867977878273524,
      0.08639389485794637,
      0.08595104914316759,
      0.08550048042132963,
      0.08501440169244326,
      0.08449298501402946,
      0.08395025876615975,
      0.08336837360417867,
      0.08277084871603634,
      0.08213179453477266,
      0.08146197322236814,
      0.08078002654688761,
      0.08006524075131118,
      0.07930512549190062,
      0.07850773082871448,
      0.0777150145633972,
      0.07689838461416552,
      0.07608373110603661,
      0.07525277764615841,
      0.07438309013024416,
      0.0735274871561634,
      0.0726885312838531,
      0.07180933678243835,
      0.07096852936661288,
      0.070122336657414,
      0.06923491381029924,
      0.06838083210381557,
      0.06755814880037019,
      0.06669731495775372,
      0.06588426840334746
    ],
    "accuracy": [
      0.066875,
      0.139375,
      0.236875,
      0.288125,
      0.3175,
      0.321875,
      0.334375,
      0.345,
      0.361875,
      0.351875,
      0.354375,
      0.349375,
      0.3925,
      0.394375,
      0.401875,
      0.4125,
      0.420625,
      0.40375,
      0.424375,
      0.4275,
      0.440625,
      0.445625,
      0.4425,
      0.465,
      0.47875,
      0.480625,
      0.50875,
      0.526875,
      0.539375,
      0.548125,
      0.551875,
      0.560625,
      0.58375,
      0.583125,
      0.594375,
      0.60125,
      0.615625,
      0.61,
      0.63125,
      0.6425
    ]
  }
}