{
  "train": {
    "loss": [
      0.10762305010227205,
      0.09008892589857558,
      0.08993050048033963,
      0.08990336092620875,
      0.08988297278844697,
      0.08987008956479473,
      0.08985334011742573,
      0.08983913757182212,
      0.08982237415325908,
      0.08980701841282818,
      0.0897892191236085,
      0.08977487551680556,
      0.08975829963814325,
      0.08974286288523547,
      0.08972684361452815,
      0.08970940058649686,
      0.08969307144086676,
      0.089674015243969,
      0.08965694541275868,
      0.08963918365431056,
      0.08962235802723244,
      0.0896055647879132,
      0.0895901813980212,
      0.08957060196699022,
      0.08955288333654447,
      0.08953478478167128,
      0.08951538262388951,
      0.08949816130371654,
      0.08947791287066499,
      0.08945952950011538,
      0.08944093992405562,
      0.08942151563852935,
      0.08940084311198135,
      0.08938147530982976,
      0.08935836494798531,
      0.08934230476265809,
      0.08931954114659776,
      0.08929874826526313,
      0.08927577685040523,
      0.08925447448916883
    ],
    "accuracy": [
      0.10640625,
      0.1246875,
      0.1228125,
      0.1121875,
      0.1128125,
      0.1184375,
      0.12234375,
      0.11609375,
      0.12828125,
      0.115625,
      0.12046875,
      0.1509375,
      0.135,
      0.12921875,
      0.1340625,
      0.1515625,
      0.13265625,
      0.1515625,
      0.17203125,
      0.1503125,
      0.15421875,
      0.14234375,
      0.18578125,
      0.166875,
      0.183125,
      0.188125,
      0.17109375,
      0.19390625,
      0.1721875,
      0.19125,
      0.1990625,
      0.19203125,
      0.18828125,
      0.20015625,
      0.18140625,
      0.21234375,
      0.18671875,
      0.20546875,
      0.2065625,
      0.19953125
    ]
  },
  "validation": {
    "loss": [
      0.09042670050895203,
      0.08995775113513649,
      0.08990571589419409,
      0.08989383654575113,
      0.08987781096694034,
      0.08986372106377631,
      0.08985450185685234,
      0.0898381848230635,
      0.0898212403873646,
      0.08980416977344799,
      0.0897825684767357,
      0.08975289831665387,
      0.08974423197064194,
      0.08973448895347319,
      0.08971861339833838,
      0.08970122295539419,
      0.08968685149870124,
      0.08966867152537698,
      0.08965887180106998,
      0.0896348168967398,
      0.08962178157187156,
      0.08960902349568181,
      0.08958878866287465,
      0.08957210369901379,
      0.089559096341419,
      0.08953524810416921,
      0.08951485136978707,
      0.08948974806582348,
      0.08947532817691092,
      0.08944716459333463,
      0.08943335346691964,
      0.08941801478245286,
      0.08939605542980582,
      0.08938719744743354,
      0.08935300599348091,
      0.08933139489629945,
      0.08931897366681538,
      0.0892917465733861,
      0.08927209589443957,
      0.08925802049290212
    ],
    "accuracy": [
      0.155,
      0.11,
      0.11,
      0.11,
      0.1175,
      0.145625,
      0.12625,
      0.1425,
      0.11625,
      0.135,
      0.15375,
      0.121875,
      0.1175,
      0.125625,
      0.138125,
      0.134375,
      0.161875,
      0.16375,
      0.141875,
      0.156875,
      0.16625,
      0.193125,
      0.1825,
      0.190625,
      0.18625,
      0.180625,
      0.190625,
      0.179375,
      0.190625,
      0.190625,
      0.18125,
      0.18125,
      0.189375,
      0.18875,
      0.199375,
      0.18875,
      0.195,
      0.191875,
      0.18875,
      0.191875
    ]
  }
}