{
  "train": {
    "loss": [
      0.11381745240861775,
      0.09054257555293622,
      0.08925704655197654,
      0.08879153470905664,
      0.08845411969978535,
      0.08813700042378841,
      0.08781485122451178,
      0.08747784197333747,
      0.08712385076187472,
      0.0867490668064108,
      0.0863548843065477,
      0.0859365250577119,
      0.08549485511326255,
      0.08502827857627418,
      0.08453505135710498,
      0.0840134668993724,
      0.08346501802583287,
      0.08289141060183379,
      0.08228937395447562,
      0.08166370616468313,
      0.08101276762147785,
      0.0803443066773869,
      0.07965355741563301,
      0.07894788064282447,
      0.07822770869089733,
      0.07749696691327229,
      0.07675841586817646,
      0.07601319258938145,
      0.07526190019864706,
      0.07450499350771111,
      0.07375137069320778,
      0.07299447113617977,
      0.0722358891104989,
      0.07147541945574783,
      0.07072157424604439,
      0.06996459199997203,
      0.06921117470714874,
      0.06846352870067307,
      0.06771485230617368,
      0.06697296518287643
    ],
    "accuracy": [
      0.161875,
      0.23984375,
      0.30046875,
      0.32203125,
      0.32484375,
      0.333125,
      0.32484375,
      0.32859375,
      0.33109375,
      0.34171875,
      0.33,
      0.33515625,
      0.355625,
      0.345625,
      0.349375,
      0.36453125,
      0.376875,
      0.38296875,
      0.38984375,
      0.408125,
      0.41546875,
      0.4271875,
      0.4475,
      0.4671875,
      0.47515625,
      0.481875,
      0.5040625,
      0.51890625,
      0.53296875,
      0.54921875,
      0.55953125,
      0.5709375,
      0.5775,
      0.58203125,
      0.60078125,
      0.609375,
      0.61890625,
      0.62421875,
      0.6334375,
      0.64203125
    ]
  },
  "validation": {
    "loss": [
      0.09232649637916386,
      0.08965857681333392,
      0.08901785872408378,
      0.08865108061295503,
      0.08833418597192613,
      0.08802116489605337,
      0.08769558383727745,
      0.08735110730977988,
      0.08699506480786999,
      0.08661741463312113,
      0.08621955683196,
      0.08579226247644436,
      0.08534214458432617,
      0.0848692396461348,
      0.08436947414328444,
      0.08384113204401068,
      0.08328725553587618,
      0.08270899806545855,
      0.08210145732165923,
      0.08146674191162624,
      0.08081154760261042,
      0.08013580863674731,
      0.07944453976099068,
      0.07874381478899327,
      0.07801435428070763,
      0.07727717223671961,
      0.0765360925785766,
      0.07580330194842669,
      0.07504688963845324,
      0.07430522385851882,
      0.07353401961913172,
      0.07277807704073155,
      0.07201935177754662,
      0.07126942858577827,
      0.07049920532267301,
      0.06973499107282204,
      0.06897670672453345,
      0.06823120701819146,
      0.06749286576943479,
      0.06675884130432666
    ],
    "accuracy": [
      0.18375,
      0.27375,
      0.31375,
      0.3125,
      0.32,
      0.315,
      0.318125,
      0.319375,
      0.319375,
      0.315625,
      0.324375,
      0.3325,
      0.329375,
      0.33625,
      0.34375,
      0.353125,
      0.360625,
      0.36875,
      0.385,
      0.399375,
      0.4125,
      0.43125,
      0.4425,
      0.449375,
      0.4725,
      0.498125,
      0.515625,
      0.526875,
      0.539375,
      0.546875,
      0.560625,
      0.566875,
      0.5775,
      0.5925,
      0.60125,
      0.613125,
      0.61625,
      0.62625,
      0.63375,
      0.63625
    ]
  }
}