{
  "train": {
    "loss": [
      0.09798589929356316,
      0.08938655369917223,
      0.08903393350966587,
      0.08866845206719536,
      0.08827637292616952,
      0.08786978715816424,
      0.08743213023294089,
      0.0869693957706438,
      0.0864762435884362,
      0.08595426940453614,
      0.08539219844225275,
      0.0847981554712244,
      0.0841544847259705,
      0.08349197455783602,
      0.082786076553439,
      0.08204115992866827,
      0.08125957224733878,
      0.08044832875202046,
      0.07960582529677927,
      0.07873840454424955,
      0.07783567442780374,
      0.07692967514935255,
      0.07600761613178042,
      0.07508014437024413,
      0.07413894971449562,
      0.07319712468257043,
      0.07224995203673398,
      0.07130911726955763,
      0.07036313989895131,
      0.06943486965059127,
      0.0685016753200659,
      0.06758186170525052,
      0.06667901255538786,
      0.06577213292932331,
      0.06488148781720184,
      0.06400918111107946,
      0.06312566719366351,
      0.06230037446059085,
      0.061460478795968984,
      0.060649179581775015
    ],
    "accuracy": [
      0.165,
      0.248125,
      0.28015625,
      0.30078125,
      0.285,
      0.31328125,
      0.30546875,
      0.31921875,
      0.3425,
      0.330625,
      0.33609375,
      0.353125,
      0.35953125,
      0.37515625,
      0.39109375,
      0.4025,
      0.41359375,
      0.43078125,
      0.45078125,
      0.45625,
      0.47875,
      0.4990625,
      0.51046875,
      0.53640625,
      0.531875,
      0.56171875,
      0.57390625,
      0.58265625,
      0.5909375,
      0.6134375,
      0.62375,
      0.63,
      0.63890625,
      0.64875,
      0.653125,
      0.6671875,
      0.67125,
      0.6765625,
      0.689375,
      0.68640625
    ]
  },
  "validation": {
    "loss": [
      0.0895993994114916,
      0.08922064109012581,
      0.08885281230750086,
      0.08847662878028699,
      0.08807593184175296,
      0.08770177132629245,
      0.08723661074126275,
      0.08677286064551694,
      0.0862819423347613,
      0.08574737172921619,
      0.08512828936590859,
      0.08453368745751906,
      0.08388139845012894,
      0.08317078635367862,
      0.08250116484699721,
      0.08172634803252583,
      0.0809257215671492,
      0.08011812582612596,
      0.07924563518483532,
      0.07834493100207764,
      0.07745229724791933,
      0.07655000207099233,
      0.07561295342800695,
      0.07469897145748858,
      0.07375050657705494,
      0.07277253450355581,
      0.07186646153360955,
      0.0708961952115885,
      0.06999186592311146,
      0.06899875274228426,
      0.06809808974560638,
      0.06719132104134155,
      0.06625499273163368,
      0.06530869166168618,
      0.06449676846272735,
      0.06359177378041425,
      0.0627043681873393,
      0.0619464003663192,
      0.061087824062766874,
      0.06029972456350803
    ],
    "accuracy": [
      0.208125,
      0.279375,
      0.285,
      0.281875,
      0.3075,
      0.295625,
      0.305,
      0.31625,
      0.294375,
      0.320625,
      0.34625,
      0.348125,
      0.373125,
      0.409375,
      0.370625,
      0.388125,
      0.405625,
      0.4225,
      0.43125,
      0.481875,
      0.51875,
      0.52,
      0.556875,
      0.528125,
      0.5775,
      0.575625,
      0.57375,
      0.588125,
      0.6225,
      0.61625,
      0.6175,
      0.624375,
      0.6425,
      0.644375,
      0.661875,
      0.661875,
      0.67125,
      0.679375,
      0.673125,
      0.70125
    ]
  }
}