{
  "train": {
    "loss": [
      0.09698976062164251,
      0.08933438671186793,
      0.08896588121416454,
      0.08859565087742957,
      0.08818741185424397,
      0.08775908280026214,
      0.08729980781394352,
      0.08681503121591534,
      0.08629843624182933,
      0.08574365404822663,
      0.08515946797618687,
      0.08453982972426839,
      0.08387895706481072,
      0.08318806379003955,
      0.0824700283561622,
      0.08172937384294653,
      0.08095197941665287,
      0.08018067936485679,
      0.07936783128057008,
      0.07855933420945067,
      0.07771489769485633,
      0.07688056928249272,
      0.07603645723364832,
      0.07518063843946077,
      0.07431824810174753,
      0.07345266934755323,
      0.0726033155829373,
      0.07173602643308483,
      0.07085687607091012,
      0.06998078401849292,
      0.06910718492641373,
      0.06823749083571787,
      0.06735579970215287,
      0.0664925616749226,
      0.06563126143525641,
      0.06476565319149237,
      0.06390551970055486,
      0.06306196722846949,
      0.06225029702148752,
      0.06142455533786597
    ],
    "accuracy": [
      0.18046875,
      0.21296875,
      0.2340625,
      0.21875,
      0.23046875,
      0.230625,
      0.24375,
      0.24125,
      0.2603125,
      0.27890625,
      0.2853125,
      0.295,
      0.3140625,
      0.33234375,
      0.3471875,
      0.36421875,
      0.3934375,
      0.40859375,
      0.42296875,
      0.4528125,
      0.46984375,
      0.478125,
      0.5025,
      0.52015625,
      0.53,
      0.5509375,
      0.56140625,
      0.5765625,
      0.584375,
      0.591875,
      0.6034375,
      0.6159375,
      0.6190625,
      0.630625,
      0.635625,
      0.64828125,
      0.65296875,
      0.66125,
      0.664375,
      0.675
    ]
  },
  "validation": {
    "loss": [
      0.08958868190324713,
      0.0891791930193928,
      0.08884484947913174,
      0.08845119793890044,
      0.08806106860988237,
      0.08759898728760472,
      0.08713024853319322,
      0.08662930307489872,
      0.08609909432083589,
      0.08555203509423888,
      0.08493792744717882,
      0.08430685846489894,
      0.0836641420827642,
      0.08298683742635816,
      0.08224566863151907,
      0.0814939631757083,
      0.0807276242932539,
      0.07990120890326781,
      0.0790667353195917,
      0.07826202362090724,
      0.07745224970334591,
      0.07659822113194081,
      0.07577959419911369,
      0.0749029922405446,
      0.07400513973565903,
      0.07318831359347958,
      0.07228137884534297,
      0.07136564853837225,
      0.07053482837104166,
      0.069674364315373,
      0.0688199258442185,
      0.06784470548655916,
      0.06701239839252353,
      0.06612709177943567,
      0.06529548831677462,
      0.06442553165074191,
      0.06354705230256005,
      0.06264462618237526,
      0.06187468988081995,
      0.06104622080211446
    ],
    "accuracy": [
      0.2,
      0.20875,
      0.205,
      0.21125,
      0.210625,
      0.234375,
      0.224375,
      0.283125,
      0.29625,
      0.26375,
      0.27,
      0.298125,
      0.301875,
      0.31375,
      0.346875,
      0.3875,
      0.38875,
      0.42875,
      0.4675,
      0.466875,
      0.46875,
      0.51,
      0.51625,
      0.525,
      0.550625,
      0.559375,
      0.585,
      0.5775,
      0.571875,
      0.595625,
      0.615625,
      0.615,
      0.6325,
      0.645625,
      0.650625,
      0.643125,
      0.65875,
      0.668125,
      0.68,
      0.68625
    ]
  }
}