{
  "train": {
    "loss": [
      0.09057111099086793,
      0.08456815264875296,
      0.07858656642151712,
      0.07136950762518517,
      0.06411165456441256,
      0.057648871512810326,
      0.052187176858502646,
      0.047892592155905564,
      0.04453448563212073,
      0.04176759570311063,
      0.03945615422391434,
      0.037536767122939366,
      0.035887063748828184,
      0.034465520099379504,
      0.03321391984219452,
      0.032140253937811565,
      0.031158398270993714,
      0.030267070095031025,
      0.029493721626318022,
      0.028791438603014485,
      0.028194269821288614,
      0.027606286372199373,
      0.027068444152813984,
      0.02656743478678307,
      0.026117078010868256,
      0.025681428529887328,
      0.02531679038596705,
      0.024925260301340235,
      0.02461193294401477,
      0.024271051463804785,
      0.023976547437325427,
      0.023711797170283284,
      0.023469096650831175,
      0.02315832070046025,
      0.0229322078937367,
      0.022699740199987897,
      0.022524928908049278,
      0.022296972375251634,
      0.022083569201021325,
      0.02190171046939547
    ],
    "accuracy": [
      0.19671875,
      0.34890625,
      0.46296875,
      0.57828125,
      0.65546875,
      0.70984375,
      0.74265625,
      0.77484375,
      0.793125,
      0.80625,
      0.8171875,
      0.8278125,
      0.83609375,
      0.8428125,
      0.84640625,
      0.8496875,
      0.854375,
      0.85703125,
      0.8590625,
      0.86234375,
      0.86671875,
      0.8675,
      0.87125,
      0.87125,
      0.8746875,
      0.8728125,
      0.87546875,
      0.87859375,
      0.8790625,
      0.87953125,
      0.8809375,
      0.8834375,
      0.8821875,
      0.8834375,
      0.88578125,
      0.88765625,
      0.888125,
      0.88828125,
      0.8896875,
      0.89125
    ]
  },
  "validation": {
    "loss": [
      0.0869645822442212,
      0.08207685236348887,
      0.07556295197884509,
      0.06770654431903365,
      0.06043984950880054,
      0.05457134927246598,
      0.05005824327011105,
      0.04626365631392284,
      0.04339257946336675,
      0.0407873464337362,
      0.03876280362208629,
      0.03719412464983839,
      0.03529073036316123,
      0.03410964448835039,
      0.032908684115471154,
      0.031832047103387176,
      0.03126832761624997,
      0.030281752093223563,
      0.029695861641331308,
      0.029406393134388985,
      0.028496869157026063,
      0.0279399222896398,
      0.027349904091526777,
      0.026996909309038954,
      0.026612856725950283,
      0.026031283873584207,
      0.025772368225591143,
      0.02550844946479207,
      0.02522159518490925,
      0.025093647640875304,
      0.024681266768262815,
      0.024396104208583465,
      0.02422572469620135,
      0.02390777384236583,
      0.02375014895851327,
      0.024073063989710694,
      0.023266624606813117,
      0.023104413683893026,
      0.02310044911133833,
      0.02285739033624956
    ],
    "accuracy": [
      0.206875,
      0.4375,
      0.46125,
      0.60125,
      0.67375,
      0.6975,
      0.779375,
      0.79125,
      0.7925,
      0.813125,
      0.835,
      0.823125,
      0.8275,
      0.83,
      0.85375,
      0.845625,
      0.84875,
      0.854375,
      0.860625,
      0.85375,
      0.8575,
      0.863125,
      0.859375,
      0.866875,
      0.8675,
      0.8675,
      0.865,
      0.8675,
      0.868125,
      0.868125,
      0.8725,
      0.870625,
      0.87375,
      0.871875,
      0.875625,
      0.8675,
      0.87875,
      0.875,
      0.8775,
      0.87875
    ]
  }
}