{
  "train": {
    "loss": [
      0.08985757274240105,
      0.08288746879526178,
      0.07457025501755025,
      0.06576765033642751,
      0.05781436675100858,
      0.05136294034883991,
      0.04651545431165136,
      0.04283656533328592,
      0.039800394449388314,
      0.03738544673523101,
      0.03531058492064322,
      0.033697227455774165,
      0.032328266189085325,
      0.031086790870323847,
      0.030002558079732785,
      0.029061149940661727,
      0.028240816500197684,
      0.027545084312580227,
      0.026869295021503575,
      0.026281336049271103,
      0.025791822088780572,
      0.025286509863888716,
      0.02481149032810779,
      0.02442952753540457,
      0.024016098631999314,
      0.023695557863311536,
      0.02333301232021097,
      0.023044736430094845,
      0.022781005952988757,
      0.02251010818231759,
      0.022250794016218746,
      0.021976914535792643,
      0.021764711017126164,
      0.021595107289305793,
      0.021337505551199662,
      0.021179882608489513,
      0.02098089298831184,
      0.020775525593650118,
      0.02064612574785079,
      0.020449204093803644
    ],
    "accuracy": [
      0.2246875,
      0.3653125,
      0.510625,
      0.6271875,
      0.7015625,
      0.74421875,
      0.77296875,
      0.7946875,
      0.818125,
      0.82734375,
      0.83859375,
      0.8453125,
      0.84671875,
      0.8540625,
      0.859375,
      0.86375,
      0.8665625,
      0.86953125,
      0.87109375,
      0.8740625,
      0.8746875,
      0.8771875,
      0.879375,
      0.8778125,
      0.8834375,
      0.8846875,
      0.88375,
      0.88453125,
      0.88890625,
      0.88765625,
      0.88796875,
      0.89,
      0.88890625,
      0.89140625,
      0.89140625,
      0.8921875,
      0.8921875,
      0.8959375,
      0.8925,
      0.8959375
    ]
  },
  "validation": {
    "loss": [
      0.08589093666423235,
      0.07870389747994526,
      0.0702672952829979,
      0.062246448405126255,
      0.05405561604578639,
      0.04897302040407024,
      0.04452444444033466,
      0.04099596906394068,
      0.03864063945595999,
      0.036213671990539695,
      0.03493220086030744,
      0.03314758339285071,
      0.03210139699753383,
      0.03073947390939594,
      0.029934361509851168,
      0.029331630807365217,
      0.028303455648906697,
      0.027853638951297995,
      0.02736267504898906,
      0.026652213164025725,
      0.02613345116713712,
      0.025955131739519927,
      0.025435570044062727,
      0.025103691574820966,
      0.02464737223000769,
      0.024344667470673917,
      0.02409499075752167,
      0.023697307797576887,
      0.023514737727162335,
      0.0233227878055733,
      0.023099687116380604,
      0.02317056217724924,
      0.02297289590731892,
      0.02245616457655748,
      0.022258462472006215,
      0.022186633852370102,
      0.021966683738588677,
      0.02188151652494819,
      0.021827720657325852,
      0.021600477759657753
    ],
    "accuracy": [
      0.42875,
      0.469375,
      0.583125,
      0.628125,
      0.75125,
      0.713125,
      0.794375,
      0.81125,
      0.8125,
      0.829375,
      0.846875,
      0.843125,
      0.848125,
      0.855625,
      0.861875,
      0.859375,
      0.861875,
      0.86,
      0.8625,
      0.8625,
      0.86625,
      0.865,
      0.8675,
      0.87,
      0.87,
      0.87125,
      0.873125,
      0.875625,
      0.87875,
      0.87625,
      0.87625,
      0.876875,
      0.87625,
      0.880625,
      0.886875,
      0.88375,
      0.88375,
      0.88625,
      0.883125,
      0.88625
    ]
  }
}