{
  "train": {
    "loss": [
      0.13850141774131366,
      0.09769225935036811,
      0.0925088800199853,
      0.09094599591021094,
      0.09029621739653132,
      0.08997179004449041,
      0.08978832229084005,
      0.08967222119839517,
      0.08959147654262097,
      0.08952948046732052,
      0.08947849933516183,
      0.0894342649014372,
      0.08939368985783575,
      0.08935573300135115,
      0.08931869944690067,
      0.08928268153649038,
      0.08924693074844563,
      0.08921113022066086,
      0.08917596834849979,
      0.08914026209281982,
      0.0891045509722834,
      0.08906889219967486,
      0.08903283606871089,
      0.08899732069493395,
      0.08896098039601036,
      0.08892484791899032,
      0.08888808225080712,
      0.0888511673269124,
      0.08881424661804597,
      0.08877669325232386,
      0.08873910118277414,
      0.08870141024190982,
      0.08866341253132705,
      0.08862546981623282,
      0.08858711143766225,
      0.08854851705541388,
      0.0885098097280928,
      0.08847090545087392,
      0.08843140617663932,
      0.08839201208022814
    ],
    "accuracy": [
      0.12203125,
      0.17734375,
      0.21078125,
      0.21890625,
      0.216875,
      0.22109375,
      0.2225,
      0.21984375,
      0.22359375,
      0.223125,
      0.2265625,
      0.22359375,
      0.22296875,
      0.2246875,
      0.22359375,
      0.22359375,
      0.22125,
      0.2234375,
      0.223125,
      0.22515625,
      0.2265625,
      0.229375,
      0.22296875,
      0.22765625,
      0.226875,
      0.226875,
      0.22546875,
      0.22734375,
      0.23,
      0.23,
      0.2296875,
      0.23,
      0.22875,
      0.23140625,
      0.2328125,
      0.23421875,
      0.22921875,
      0.23515625,
      0.23703125,
      0.23640625
    ]
  },
  "validation": {
    "loss": [
      0.1040228259289175,
      0.09400403040576588,
      0.09151618559683226,
      0.09057901734746197,
      0.09014398377150007,
      0.08991040105659415,
      0.08977000021354184,
      0.08967799643368603,
      0.08961027982095601,
      0.0895561867830998,
      0.08951024401822555,
      0.08947007640865284,
      0.08943283983352654,
      0.0893967444088494,
      0.08936101831111229,
      0.08932670214298119,
      0.0892927192919911,
      0.08925824027210826,
      0.08922412744027775,
      0.08918966023251061,
      0.0891548232479178,
      0.0891197224560868,
      0.08908492550850815,
      0.08904984991618464,
      0.0890144642211867,
      0.08897874324638172,
      0.08894258380746495,
      0.08890693865054805,
      0.08887062937495732,
      0.08883407574561188,
      0.08879671764029413,
      0.08875982915811173,
      0.0887232275004636,
      0.0886856951065921,
      0.08864841564505736,
      0.08861036903663079,
      0.08857298684257511,
      0.08853420525140603,
      0.0884952856663986,
      0.08845651600177903
    ],
    "accuracy": [
      0.169375,
      0.201875,
      0.2025,
      0.2075,
      0.206875,
      0.208125,
      0.21125,
      0.215625,
      0.2125,
      0.21125,
      0.208125,
      0.2075,
      0.208125,
      0.20875,
      0.21,
      0.209375,
      0.209375,
      0.209375,
      0.209375,
      0.21,
      0.21,
      0.21,
      0.210625,
      0.21125,
      0.21125,
      0.211875,
      0.215,
      0.21625,
      0.21625,
      0.216875,
      0.218125,
      0.218125,
      0.219375,
      0.22,
      0.22,
      0.22,
      0.219375,
      0.220625,
      0.22125,
      0.221875
    ]
  }
}