{
  "train": {
    "loss": [
      0.09212918795119208,
      0.08316146374740949,
      0.07441646372822365,
      0.0670512080362986,
      0.06154038935573146,
      0.057310073290180084,
      0.0539827452694036,
      0.05132769805254856,
      0.04914831493098579,
      0.047344148119636456,
      0.045810769534927506,
      0.044487165739059115,
      0.043334320860248014,
      0.04231702383924769,
      0.041416003253007705,
      0.040606843164145943,
      0.03988187911719596,
      0.03922804345754501,
      0.03862925641618634,
      0.038069803010761266,
      0.03755509539589733,
      0.03708680607583107,
      0.036643687205359064,
      0.036237977667866524,
      0.035854354734691785,
      0.03549217170442527,
      0.03515589169054012,
      0.03483806838079141,
      0.034531165309796406,
      0.03424635701185905,
      0.033973068333109625,
      0.03371581532514559,
      0.03346917102394484,
      0.03323677434841765,
      0.03300737864822409,
      0.0327953241484003,
      0.03258537052092312,
      0.0323931019700914,
      0.03220133271703145,
      0.03201743677217305
    ],
    "accuracy": [
      0.203125,
      0.33515625,
      0.47125,
      0.5696875,
      0.6271875,
      0.6634375,
      0.68796875,
      0.708125,
      0.7228125,
      0.7328125,
      0.7428125,
      0.7509375,
      0.7575,
      0.7634375,
      0.76765625,
      0.77234375,
      0.776875,
      0.77796875,
      0.78078125,
      0.7834375,
      0.784375,
      0.7865625,
      0.78859375,
      0.79078125,
      0.79328125,
      0.7953125,
      0.796875,
      0.7990625,
      0.80015625,
      0.8015625,
      0.80171875,
      0.8025,
      0.8028125,
      0.803125,
      0.80546875,
      0.80609375,
      0.80765625,
      0.80765625,
      0.80921875,
      0.81015625
    ]
  },
  "validation": {
    "loss": [
      0.08833830518098833,
      0.0798562949942566,
      0.0715052735919973,
      0.06506906316895877,
      0.060272276704032075,
      0.056512754895703274,
      0.053604889217214374,
      0.051220240804318,
      0.04926123817747909,
      0.047640934847846775,
      0.04622774404478542,
      0.045026369434457314,
      0.04398127502517912,
      0.043033643213475345,
      0.04222162896221885,
      0.04146750025752419,
      0.04083229603764676,
      0.04019333305096835,
      0.03962735174327883,
      0.0391398211857127,
      0.03864054564012158,
      0.03821838781290963,
      0.037847740887240605,
      0.03744003195907192,
      0.037082424960826185,
      0.03676272087042188,
      0.03644144101184123,
      0.03615902089034894,
      0.035892435093270364,
      0.03561804708949329,
      0.03536420616261313,
      0.03512665595476626,
      0.034894839905869036,
      0.03467641412257729,
      0.03447251665471777,
      0.034297829464776955,
      0.034094073049751886,
      0.033935697943797895,
      0.03374700668601964,
      0.03356532674181192
    ],
    "accuracy": [
      0.2575,
      0.383125,
      0.505,
      0.571875,
      0.625,
      0.65125,
      0.673125,
      0.690625,
      0.708125,
      0.71875,
      0.72875,
      0.739375,
      0.744375,
      0.75125,
      0.75625,
      0.760625,
      0.76125,
      0.768125,
      0.77375,
      0.774375,
      0.775625,
      0.775625,
      0.77625,
      0.7775,
      0.779375,
      0.780625,
      0.781875,
      0.7825,
      0.7825,
      0.784375,
      0.784375,
      0.785,
      0.785,
      0.78625,
      0.788125,
      0.788125,
      0.79,
      0.789375,
      0.791875,
      0.7925
    ]
  }
}