{
  "train": {
    "loss": [
      0.06208997088397917,
      0.03944986294686384,
      0.03390356983678102,
      0.03113422825174791,
      0.02941802238840443,
      0.028189873111791563,
      0.027240757262115386,
      0.026459504013054535,
      0.025782829242081723,
      0.02519373672518282,
      0.024644192787085108,
      0.02407214538986968,
      0.022957480790024444,
      0.020122086804937652,
      0.018515339709489848,
      0.01761325841719681,
      0.016880102983785516,
      0.016329243556210262,
      0.015806132443960664,
      0.01536051644834417,
      0.01499223817092498,
      0.014613419093815425,
      0.014273911159412093,
      0.013955356918113648,
      0.013642792778160615,
      0.01334685984175031,
      0.013081656499065737,
      0.01285203641168917,
      0.012589192634666437,
      0.012343426008237507,
      0.01215093931138554,
      0.01191357176061593,
      0.011685448787543152,
      0.011512007551699684,
      0.011301584128916832,
      0.011121339343701533,
      0.010936879507443322,
      0.010757601503320719,
      0.010592672665720332,
      0.010421197144738993
    ],
    "accuracy": [
      0.600625,
      0.77875,
      0.80859375,
      0.82109375,
      0.8325,
      0.83734375,
      0.8421875,
      0.84390625,
      0.84734375,
      0.8509375,
      0.85265625,
      0.8584375,
      0.87765625,
      0.91515625,
      0.9246875,
      0.92875,
      0.93296875,
      0.93515625,
      0.93921875,
      0.93953125,
      0.940625,
      0.94375,
      0.94359375,
      0.9459375,
      0.9471875,
      0.94796875,
      0.95109375,
      0.9515625,
      0.9528125,
      0.9546875,
      0.955,
      0.95578125,
      0.95734375,
      0.95859375,
      0.95890625,
      0.959375,
      0.96234375,
      0.96328125,
      0.96453125,
      0.96421875
    ]
  },
  "validation": {
    "loss": [
      0.043925943911199965,
      0.035814549950726686,
      0.03248674382350794,
      0.030583622127361355,
      0.02937394679731674,
      0.02840528677934291,
      0.02786138781643689,
      0.027153097839294343,
      0.026615031355569075,
      0.02619110272693047,
      0.025752748736423213,
      0.025379098344455522,
      0.02329234112627541,
      0.02127663163638736,
      0.020377431666903343,
      0.01976521700532411,
      0.019161372254371582,
      0.018730772120392137,
      0.018406946695331803,
      0.018165783304908364,
      0.01780136353392195,
      0.017502467421142046,
      0.01730726854483604,
      0.017078232790815807,
      0.01687519330405987,
      0.016671425945546978,
      0.016662158434843186,
      0.01638228914324076,
      0.016191292253486585,
      0.016134036253808447,
      0.015849492674906707,
      0.01572677836214844,
      0.015480043221160233,
      0.015321629657303182,
      0.015184416365233495,
      0.01511494853946747,
      0.01504740540560887,
      0.014852638522564585,
      0.014773758057145807,
      0.014560571500659153
    ],
    "accuracy": [
      0.760625,
      0.798125,
      0.8125,
      0.823125,
      0.8325,
      0.834375,
      0.83375,
      0.840625,
      0.84125,
      0.845,
      0.846875,
      0.850625,
      0.894375,
      0.904375,
      0.910625,
      0.91,
      0.911875,
      0.913125,
      0.915,
      0.920625,
      0.916875,
      0.921875,
      0.92125,
      0.925625,
      0.925625,
      0.928125,
      0.926875,
      0.9275,
      0.9275,
      0.92875,
      0.930625,
      0.93125,
      0.930625,
      0.9325,
      0.933125,
      0.9325,
      0.934375,
      0.934375,
      0.934375,
      0.93375
    ]
  }
}