{
  "train": {
    "loss": [
      0.056540976008049554,
      0.04777711093278009,
      0.04584726915305522,
      0.044770160142044435,
      0.04345014937488175,
      0.03804671182375571,
      0.036124036864507915,
      0.03525336826030719,
      0.03459151449281958,
      0.03406653039096058,
      0.03359062855423983,
      0.033232796755471375,
      0.032929170057278426,
      0.03270092468316189,
      0.03246971259310564,
      0.03222399029049242,
      0.032117220600222096,
      0.031920434087892774,
      0.031777644685952816,
      0.03162829813122526,
      0.03150585147305338,
      0.03140864542567747,
      0.03134125414530195,
      0.031246098095872695,
      0.03117857569598783,
      0.031106802893789712,
      0.031053351433483437,
      0.03099695552379513,
      0.030933951838830978,
      0.0308865289987049,
      0.030853331793647652,
      0.030809133427116192,
      0.030779555602600345,
      0.030745914998057802,
      0.03072020220206623,
      0.030690616805396764,
      0.030662776989697035,
      0.030644963386396804,
      0.03062258318630429,
      0.030601605770703446
    ],
    "accuracy": [
      0.5403125,
      0.58875,
      0.59609375,
      0.60140625,
      0.6153125,
      0.68046875,
      0.6853125,
      0.6896875,
      0.6909375,
      0.6925,
      0.69421875,
      0.69453125,
      0.6959375,
      0.6959375,
      0.6965625,
      0.696875,
      0.69671875,
      0.69703125,
      0.696875,
      0.69703125,
      0.696875,
      0.6971875,
      0.69703125,
      0.6971875,
      0.6971875,
      0.69734375,
      0.69734375,
      0.69734375,
      0.69734375,
      0.69734375,
      0.69734375,
      0.69734375,
      0.69734375,
      0.69734375,
      0.69734375,
      0.69734375,
      0.6975,
      0.69734375,
      0.69734375,
      0.69734375
    ]
  },
  "validation": {
    "loss": [
      0.04744910896949595,
      0.045235061993433134,
      0.04444372078884462,
      0.04409858324258068,
      0.04025814675539203,
      0.03745591017151497,
      0.036651700829526325,
      0.03635626493846496,
      0.03580662122090558,
      0.035687324923722646,
      0.03554503140273355,
      0.035109252749614746,
      0.035040756052757825,
      0.03503164829267441,
      0.03476346699229396,
      0.03482515334058209,
      0.03471212810494673,
      0.034620332556578905,
      0.03451129633126561,
      0.03433599764392921,
      0.03437939729302416,
      0.03438039136211068,
      0.034322796337879345,
      0.03426494343856616,
      0.03425118448038186,
      0.034321165102345716,
      0.034232675469248595,
      0.03420913619316708,
      0.03412017806544829,
      0.0340885293632122,
      0.03412181898081701,
      0.0340679239247533,
      0.03412110580867954,
      0.03405873082204797,
      0.03401795127065427,
      0.03404308634534334,
      0.03399529901056668,
      0.03400321869224918,
      0.0340234766392964,
      0.034001262956764575
    ],
    "accuracy": [
      0.611875,
      0.613125,
      0.615625,
      0.616875,
      0.686875,
      0.689375,
      0.6925,
      0.695625,
      0.695625,
      0.693125,
      0.6975,
      0.698125,
      0.6975,
      0.699375,
      0.700625,
      0.700625,
      0.7,
      0.699375,
      0.69875,
      0.700625,
      0.7,
      0.69875,
      0.699375,
      0.7,
      0.699375,
      0.69875,
      0.69875,
      0.699375,
      0.700625,
      0.699375,
      0.7,
      0.7,
      0.69875,
      0.699375,
      0.7,
      0.699375,
      0.700625,
      0.699375,
      0.7,
      0.69875
    ]
  }
}