{
  "train": {
    "loss": [
      0.10149254404480815,
      0.09803768210213575,
      0.09598063060747643,
      0.09445933138766299,
      0.09314272498696072,
      0.09191868249142228,
      0.09075899441662813,
      0.08964349948311828,
      0.08856546128600719,
      0.08753571887154786,
      0.08653932459286615,
      0.08558750207108598,
      0.08468140139626663,
      0.08380862151434133,
      0.08296921153307717,
      0.0821526186115541,
      0.08135379217181614,
      0.08057325064895485,
      0.07981565229358972,
      0.0790780057476687,
      0.07835509477877367,
      0.07765124455879618,
      0.07696403368099537,
      0.07629563941778776,
      0.07564447146217243,
      0.07501030019290922,
      0.0743917027508154,
      0.07378662176328907,
      0.07319017654742029,
      0.07260003427121048,
      0.07201813093958152,
      0.07144051964153074,
      0.07085800834181022,
      0.07025468059905074,
      0.06963115121917146,
      0.06897828390920903,
      0.06827423321756151,
      0.0674964968110699,
      0.0666473088448291,
      0.06574718447036382
    ],
    "accuracy": [
      0.10109375,
      0.1228125,
      0.144375,
      0.16640625,
      0.18765625,
      0.21046875,
      0.2346875,
      0.25578125,
      0.27796875,
      0.29609375,
      0.31515625,
      0.32828125,
      0.34078125,
      0.354375,
      0.3675,
      0.37765625,
      0.38984375,
      0.39984375,
      0.41,
      0.41984375,
      0.4284375,
      0.43640625,
      0.4440625,
      0.45328125,
      0.461875,
      0.469375,
      0.4775,
      0.48375,
      0.48890625,
      0.49703125,
      0.50171875,
      0.50734375,
      0.51203125,
      0.516875,
      0.52328125,
      0.52921875,
      0.53703125,
      0.54625,
      0.55875,
      0.5709375
    ]
  },
  "validation": {
    "loss": [
      0.09999984174190883,
      0.09736107688888167,
      0.09558916535051688,
      0.09416070084896765,
      0.0928898993636056,
      0.09170663188619102,
      0.09056500290415728,
      0.08945650343847233,
      0.088393549739803,
      0.08737905998851447,
      0.08640345367379755,
      0.08546356736845245,
      0.08455730705787863,
      0.08367785769618998,
      0.08282685459084065,
      0.08199894637573987,
      0.0811954662042049,
      0.08041944884748516,
      0.07966662760755212,
      0.07893231036700508,
      0.07821484562992316,
      0.07751937628193112,
      0.07683787909220015,
      0.07617575888489075,
      0.07552652403649925,
      0.0748896832583977,
      0.07426657740180753,
      0.07365741145795987,
      0.073058695465492,
      0.07247308395070323,
      0.07189715271091907,
      0.07132883313344653,
      0.07075519144888265,
      0.07016599882925552,
      0.06955683392085342,
      0.06890754534698812,
      0.06819757956244564,
      0.06740720865993412,
      0.06654547521775533,
      0.0656466608791483
    ],
    "accuracy": [
      0.113125,
      0.13375,
      0.155,
      0.1825,
      0.205,
      0.225,
      0.25375,
      0.2725,
      0.285,
      0.30375,
      0.316875,
      0.3275,
      0.33625,
      0.34875,
      0.36125,
      0.37875,
      0.391875,
      0.404375,
      0.414375,
      0.425,
      0.4375,
      0.4475,
      0.458125,
      0.465,
      0.4725,
      0.48,
      0.484375,
      0.490625,
      0.498125,
      0.501875,
      0.511875,
      0.51625,
      0.521875,
      0.528125,
      0.53625,
      0.544375,
      0.55,
      0.555,
      0.564375,
      0.575
    ]
  }
}