{
  "train": {
    "loss": [
      0.06062537540079991,
      0.044582427448180674,
      0.03526137730399309,
      0.029425655906791404,
      0.021006683592013135,
      0.018897422362787533,
      0.01775153635996031,
      0.0168395251764887,
      0.01603695385129786,
      0.015351366752569566,
      0.014734022799070493,
      0.014175145255834987,
      0.013683162368028268,
      0.013205135987147822,
      0.012787651358756716,
      0.01237796408494433,
      0.01200821610274772,
      0.011679111003983026,
      0.01135761915942258,
      0.011044979925748603
    ],
    "accuracy": [
      0.56625,
      0.6895,
      0.7834375,
      0.8254375,
      0.9078125,
      0.91825,
      0.92525,
      0.9298125,
      0.9341875,
      0.9371875,
      0.941,
      0.944,
      0.9461875,
      0.949875,
      0.9509375,
      0.9533125,
      0.955,
      0.956,
      0.9579375,
      0.9596875
    ]
  },
  "validation": {
    "loss": [
      0.04791598208023502,
      0.042839140340755075,
      0.03157549738025273,
      0.025381356585966387,
      0.020717117340750213,
      0.019675083018622568,
      0.018541981868140565,
      0.01796258712939266,
      0.01709271516923269,
      0.016554888529290022,
      0.016064891722617373,
      0.015582567664172622,
      0.015111210035556722,
      0.014686566588769169,
      0.014414296019590796,
      0.014016130326118523,
      0.01373819820295737,
      0.013517064753735165,
      0.013089359678709956,
      0.012892246401771442
    ],
    "accuracy": [
      0.66775,
      0.695,
      0.81,
      0.88175,
      0.90775,
      0.91375,
      0.9205,
      0.9225,
      0.92625,
      0.929,
      0.9315,
      0.9335,
      0.93475,
      0.937,
      0.93775,
      0.94125,
      0.94075,
      0.94225,
      0.944,
      0.945
    ]
  }
}